{
  "config_name": "T05_large_stress",
  "orders_total_fixed": 1100,
  "online_generation": true,
  "results": [
    {
      "method": "MAPD-CBS",
      "config_name": "T05_large_stress",
      "total_orders": 1100,
      "orders_generated": 1100,
      "delivered": 312,
      "on_time": 212,
      "late": 100,
      "missed": 788,
      "delivery_rate": 28.363636363636363,
      "on_time_rate": 67.94871794871794,
      "total_reward": 4985.8925,
      "total_movecost": -288.9563,
      "net_reward": 4696.9362,
      "elapsed_sec": 132.0869,
      "shipper_rewards": [
        495.4857,
        -0.6283,
        -0.9236,
        637.4845,
        123.7862,
        300.4905,
        145.0906,
        477.6398,
        447.2885,
        80.265,
        5.4787,
        42.2608,
        273.286,
        156.2243,
        108.0685,
        614.4541,
        427.591,
        363.594
      ],
      "status": "OK",
      "wall_sec": 132.95
    }
  ]
}