{
  "config_name": "P2S4",
  "orders_total_fixed": 650,
  "online_generation": true,
  "results": [
    {
      "method": "MAPD-CBS",
      "config_name": "P2S4",
      "total_orders": 650,
      "orders_generated": 650,
      "delivered": 188,
      "on_time": 158,
      "late": 30,
      "missed": 462,
      "delivery_rate": 28.923076923076923,
      "on_time_rate": 84.04255319148936,
      "total_reward": 2968.2437,
      "total_movecost": -129.3931,
      "net_reward": 2838.8506,
      "elapsed_sec": 19.1978,
      "shipper_rewards": [
        256.1092,
        251.1583,
        129.9774,
        289.9353,
        340.2088,
        244.0464,
        82.3851,
        293.5285,
        199.4969,
        471.6524,
        184.9095,
        95.4429
      ],
      "status": "OK",
      "wall_sec": 19.41
    }
  ]
}